id,label
6BNDTJ.jpg,2
EJ8295.jfif,2
Y6OVRX.jfif,2
TBI0WV.jpg,2
0PFX47.jpg,2
T9DUFH.jfif,2
E7W6KS.jfif,2
A1U68I.jpg,2
CHT342.jfif,2
GKK6S3.jfif,2
76FZWH.jpg,2
IL9FCV.jfif,2
SJ54T5.jfif,2
AZXBR9.jpg,2
SWPUMU.jfif,2
N8O0C1.jfif,2
J1R9Z1.jpg,2
75H6R9.jfif,2
2KS7HG.jpg,2
XTVZ0E.jpg,2
V1H2XE.jpg,2
5FSDEI.jpg,2
C0KF9A.jpg,2
K4BR5D.jpg,2
1NX3ZC.jpg,2
MW2YLX.jfif,2
3GTKZJ.jfif,2
S0V7NA.jfif,2
7ITAYE.jfif,2
FSES5U.jpg,2
OAHCEM.jfif,2
6JXL0N.jpg,2
DKP3ZM.jfif,2
OMO7JG.jpg,2
DCYAQH.jpg,2
R2EUB2.jfif,2
C5BGP5.jfif,2
FXWFGU.jpg,2
QJI3IC.jpg,2
F44CKW.jfif,2
M97WV0.jfif,2
E5HXTR.jpg,2
NH4TNJ.jfif,2
6T5756.jfif,2
FC45DX.jpg,2
QUBMQI.jpg,2
O9Y0Z8.jpg,2
IXCBUE.jfif,2
U0P84E.jfif,2
FU88R0.jpg,2
CHJDTJ.jfif,2
UP510H.jfif,2
5HV6KU.jfif,2
JC97RE.jpg,2
CHGSLB.jfif,2
HNUJLZ.jfif,2
4DMP66.jfif,2
33J5MM.jfif,2
V99L6E.jpg,2
AV7FQ8.jpg,2
7RGDDG.jfif,2
C9IXFE.jpg,2
WGJ7NJ.jfif,2
5WTM0W.jpg,2
DJO3I3.jfif,2
6ZB3R6.jpg,2
CQPOHG.jpg,2
56APML.jfif,2
QHU0JC.jpg,2
HF3I9B.jpg,2
TG11GG.jpg,2
EBMMCD.jfif,2
RFB2JA.jpg,2
UOZCDJ.jpg,2
R1GKEP.jfif,2
DSZYA9.jfif,2
47NUVM.jpg,2
0O5BON.jfif,2
C572GK.jfif,2
ICK7X2.jpg,2
DJVBU8.jfif,2
HV8FS9.jfif,2
M0B7CV.jfif,2
R7MQ3K.jfif,2
T7FPBO.jpg,2
AQKHOK.jfif,2
PK4O6O.jpg,2
9ZEVXL.jfif,2
8GXR21.jfif,2
DOOEWE.jpg,2
MEWKD5.jpg,2
6D89ME.jpg,2
UP8NAQ.jpg,2
WUAVW0.jpg,2
VV0ZC5.jpg,2
63TBD5.jpg,0
N8YT33.jfif,0
ZPDG7D.jfif,0
0SFXM4.jpg,0
MXU8AZ.jfif,0
WPT39P.JPG,0
AVI32D.jfif,0
57O8CF.jpg,0
ESRNRH.JPG,0
DTL2GK.jfif,0
EGCJD3.jpg,0
5UARHB.jfif,0
XG2I75.JPG,0
ZGSC2J.jpg,0
M3T8YX.jfif,0
KSXTB3.JPG,0
SS98C9.jpg,0
L9X0VQ.jfif,0
SYFMCP.jpg,0
2SDHKR.jfif,0
XL21K8.JPG,0
DEHP6H.jpg,0
IUBFHR.jfif,0
IEWYAC.jfif,0
P9362V.JPG,0
QR12E2.jpg,0
FNOMOO.jfif,0
ESVFTK.JPG,0
XVTYNS.jfif,0
Y1OCV6.jfif,0
QNDENX.JPG,0
MBR2HF.jpg,0
0W9XLD.JPG,0
7X8ZKT.jfif,0
G7BN81.jpg,0
FHZTQ9.jfif,0
QWMIFP.JPG,0
BUCKBW.jfif,0
GZQN3S.jpg,0
03JUX3.jpg,0
EW97KQ.jfif,0
82T4LM.jfif,0
VQGPO4.jpg,0
4XQEM2.jfif,0
UBR48B.jfif,0
T0C1CQ.jfif,0
274LI8.jfif,0
XMR977.jpg,0
KBOWUM.png,0
WALGOP.jfif,0
KB6UJ7.jfif,0
CV8N7R.jpg,0
76FFDO.png,0
CN42FG.jfif,0
GZ7ZQ9.jpg,0
VCBKV0.jfif,0
T5ZEMM.jpg,0
DHNL92.jpeg,0
DKXA9W.jpg,0
2JE5S8.jfif,0
RDQF0Q.jpg,0
Q22X4X.jpg,0
C65MAC.jpg,0
WESD5J.JPG,0
AM369S.jfif,0
M6WFHJ.jfif,0
ZRFMHE.jpg,0
6MCD3S.png,0
YVFWPK.jfif,0
G1ZQD1.JPG,0
9AEUF2.jpg,0
8XR87D.jfif,0
T4PTSX.jfif,0
PAO1SW.jpg,0
CEVUE3.jpg,0
CHY59U.JPG,0
7V5AZ4.jfif,0
8ZIQO3.JPG,0
Z2L2AO.jpg,0
10AFS6.jpg,0
H51PAY.jfif,0
F454R9.jfif,0
S1KKJT.jfif,0
I8HQGB.jpg,0
IRVFRA.JPG,0
1G2K6F.jpg,0
4AGHVR.jpg,0
3J5833.jfif,0
209QWE.jfif,0
R4UZMJ.JPG,0
85MTOL.jfif,0
LWJ8WJ.jpg,0
QUQYBO.jfif,0
Y5F2K2.jpg,0
NFHK6I.jpg,0
IEZ5DW.jpg,0
1PE28T.jfif,0
K47X6B.jpg,0
AERDW6.jpg,0
OG4J15.jpg,0
2XML6U.jfif,0
QNSLVT.jpg,0
ZKLSUX.jpg,0
K1TXKT.jfif,0
91NL9S.JPG,0
KQF7CH.jpg,0
CU1Z91.jfif,0
F7B6FL.jpeg,0
K132UQ.jfif,0
LJR49N.jpg,0
1ETABC.JPG,0
772Q9Y.jpg,0
HH7VUL.jpg,0
WJN651.JPG,0
DP7NNX.jpg,0
Q41XT0.JPG,0
SZOIRZ.jfif,0
P6X49P.jpg,0
5PNZRU.jfif,0
D5PGB3.jfif,0
392Z3F.jfif,0
V2AEGW.jfif,0
10E2V7.jfif,0
LHTBF1.jfif,0
ZX44PV.jfif,0
M6X1CL.jfif,0
7KMEN7.jpg,0
6IW1HK.jfif,0
MRCH2D.jpg,0
U79ACG.jfif,0
RCHIOR.jfif,0
PXDNTX.jfif,0
OW5KPJ.JPG,0
IBPWH7.jpg,0
GTGORY.jpg,0
BUECLC.jpg,0
Q3G3AG.JPG,0
SL8C30.jpg,0
JDOHI8.png,0
M56ORX.jfif,0
C25QRM.jfif,0
4NABU3.jpg,0
VY0ZOQ.JPG,0
1JF4M4.jpg,0
4CLEBJ.JPG,0
Y5CD5T.jfif,0
6XP8HI.JPG,0
RVYL61.jpg,0
PTAWZS.jfif,0
IIHVXF.jfif,0
M0ILRH.jfif,0
YWGB88.jfif,0
Q84CBV.jfif,0
X34VGB.jpg,0
7ZK6AD.JPG,0
LBIX7Q.jpg,0
8WGAGZ.jfif,0
8K4OWH.jfif,0
AVFGNY.jfif,0
9BEZ15.jfif,0
PCMZC6.jpg,0
TEWXBG.JPG,0
WRCRVM.jfif,0
L31ZYT.jfif,0
0FX4J2.png,0
6S29JV.JPG,0
MAPKID.jfif,0
CV1X36.jfif,0
LPUQZ3.jfif,0
I11B5N.jpg,0
CDGE8K.JPG,0
EGGGXN.jfif,0
N7CLD1.jpg,0
FA0EDN.jfif,0
7LQK3F.jfif,0
5C3950.jfif,0
IXRCZL.jfif,0
UIVUSB.jpg,0
FVQOKA.jfif,0
0DEA0V.jfif,0
7KLUT5.jfif,0
LW1FDD.jfif,0
GJFBJA.jfif,0
6616DF.jfif,0
VPWSN2.jpg,0
N5VHOY.jpg,0
1UJRRG.JPG,0
FQZI2R.jpg,0
MM0NJB.jfif,0
C6VM7G.jfif,0
HH89SE.jpg,0
RNZSNN.jpg,0
X557ND.jpg,0
KX4NN0.jpg,0
1TON58.jfif,0
T5VD54.jfif,0
6V9W4D.jfif,0
5A0INM.jfif,0
V35M9N.jfif,0
JRDHFM.JPG,0
GNJ5IO.jfif,0
K2KIE8.jfif,0
DRJSUR.jpg,0
YL98WR.jfif,0
PGSLPC.JPG,0
ZEJJEC.jfif,0
WI3HNQ.jpg,0
RQXIWH.jpg,0
EY85XM.jfif,0
MGW6KB.JPG,0
BH9GXF.JPG,0
CVL5BO.jfif,0
M1GMBO.jfif,0
6594KX.JPG,0
SR3QZW.jpg,0
94FX3I.jpg,0
OM7PN0.jfif,0
XGXKYD.jfif,0
N08DX6.jfif,0
39MD1S.jfif,0
C25GLO.jfif,0
LL75XT.jfif,0
9R24TP.JPG,0
DM9JJ4.jpg,0
WMDHS9.jfif,0
R8QU8G.JPG,0
NWYA7Q.jfif,0
W6DPGR.JPG,0
RSZ63C.JPG,0
LLHLQN.jfif,0
83RYYY.jfif,0
O0DG7Q.jpg,1
8I4EMC.JPG,1
SL3J76.JPG,1
AS8AIF.jpg,1
3RK10Q.jpg,1
0HA9AT.JPG,1
R4S1SH.jfif,1
O03SHZ.jpg,1
KDERDV.JPG,1
K2PW6W.JPG,1
BLBE0Y.JPG,1
YNZ7GB.JPG,1
XJEAUE.jpg,1
OLZW86.jfif,1
11F0U1.jfif,1
IW5JWH.jpg,1
ITHJH3.jfif,1
Z474SF.jpg,1
HMDOKP.JPG,1
CMBUFU.jfif,1
O4CB00.jfif,1
LQV40X.jpg,1
UPBU5E.jpg,1
HMBXAG.jfif,1
2NKA0A.JPG,1
NJJMTF.jpg,1
ISRIWC.jfif,1
05LO15.JPG,1
48XJPB.jpg,1
SA4IZE.jfif,1
UTGY8V.JPG,1
G63JGO.jfif,1
E2TWPA.JPG,1
DVS7D2.jpg,1
23B5BA.jpg,1
GRVXQ7.jpg,1
B48JP3.JPG,1
RZ8UVN.JPG,1
DLZR23.JPG,1
HQF2QD.jpg,1
84YCLL.jfif,1
31LDUR.JPG,1
GY5M4U.JPG,1
VLL64L.jpg,1
3C8DCX.jpg,1
7LKQ7F.JPG,1
10B6P0.jfif,1
407S0R.jpg,1
290O3O.JPG,1
7AJXG3.jpg,1
YDGB6E.jpg,1
J3SLHK.jpg,1
D0E3GS.jfif,1
EVC1PX.jfif,1
16DV3Z.jpg,1
GRW86Y.jpg,1
NDBROB.jfif,1
RCG9YN.JPG,1
4PS17R.jpg,1
KAQWIP.JPG,1
31ZSGD.JPG,1
VDO10F.JPG,1
69R5M3.JPG,1
5TJWR8.jpg,1
N2FW8A.JPG,1
NKMGGH.JPG,1
JC5SQ6.JPG,1
7JIPZE.jpg,1
TFXZFC.JPG,1
B3TVHT.jpg,1
BHWPMR.JPG,1
0XEGW3.jpg,1
PMKBPT.JPG,1
68K0BF.jfif,1
GSL750.JPG,1
PDG8PU.JPG,1
Q4Q2T5.JPG,1
XFPZY5.JPG,1
Q5W30V.jfif,1
ZF5LOB.jfif,1
YEB368.JPG,1
MSUABZ.jpg,1
3T864F.jfif,1
SEKZYY.jfif,1
LF4RA9.jpg,1
R07NK0.jpg,1
6VM9YC.jpg,1
00LAS4.JPG,1
9QSRI2.jpg,1
1XKPS0.JPG,1
L54H4D.jfif,1
RQF5OM.jpg,1
83AAQN.jpg,1
PVR11X.jpg,1
QX8QWT.JPG,1
FLY31D.jfif,1
1NFNZD.JPG,1
HJS1GK.JPG,1
ZF2C96.jfif,1
9PBQ07.jfif,1
P2S5BW.JPG,1
V58S56.jfif,1
HUYCKN.jpg,1
K5MDEY.jpg,1
SR3XX6.jpg,1
Q1K9LK.JPG,1
FGNILS.jpg,1
3IDAF0.jpg,1
B0OGTU.jfif,1
EEO09F.JPG,1
U2V5YV.jfif,1
N1HIQM.jfif,1
11MFER.JPG,1
IY24RW.jfif,1
JVF70C.jpg,1
GBJ927.jpg,1
3J2I9T.jpg,1
5SVCEN.JPG,1
FFV2P1.jfif,1
DCPYGG.jpg,1
5A8EHD.JPG,1
S544N5.jpg,1
8MIRS1.JPG,1
ES3PVH.JPG,1
5F1T3N.JPG,1
WYZ2MA.JPG,1
OXB7BD.jfif,1
F8NX3J.jpg,1
ZCBE0P.jpg,1
DNG7B7.JPG,1
2W9RXO.JPG,1
Y84ZW2.JPG,1
B5CJV4.jpg,1
YTCBH2.JPG,1
Z0MIMM.jpg,1
XUDDKP.jfif,1
DAO91S.JPG,1
6E4H6K.jfif,1
4BV3KD.JPG,1
5ZL92E.jpg,1
AFCENX.jfif,1
A8IC6W.JPG,1
OP6DI8.JPG,1
GZKGBW.JPG,1
E124SH.jpg,1
ZGFMHX.JPG,1
BXPXA7.jfif,1
0CXDTY.jfif,1
H0OU9P.jpg,1
UT5W0J.jfif,1
YBGSNS.jpg,1
81QY5L.jfif,1
U1MXOH.jpg,1
55E81Z.jfif,1
23ZAZ8.jfif,1
WWX0LN.jfif,1
YKJAR7.JPG,1
D9D9YO.jfif,1
C2WG16.JPG,1
WFESL1.JPG,1
04YCE2.JPG,1
M2YMPN.jfif,1
USE5QD.jpg,1
619L2N.jpg,1
W7KASV.JPG,1
M14XER.jpg,1
WUA1U6.JPG,1
J4FNMC.jpg,1
HDYQ8J.JPG,1
2S1S24.JPG,1
CJLHTW.JPG,1
FIS4H9.jpg,1
GXFMJU.jfif,1
05R4FK.jpg,1
N3PPHR.JPG,1
9C1MPX.JPG,1
IGF54E.jpg,1
KFTIM5.jpg,1
JFDUOK.jpg,1
YY0XD7.JPG,1
2M5IST.jpg,1
XV81OY.jfif,1
LWGF04.jpg,1
0WP9LS.JPG,1
WE1GC0.jpg,1
OBZCMJ.jpg,1
E0TIID.jpg,1
Q3SN2Q.JPG,1
84ABKR.JPG,1
U79432.jfif,1
V2K7M9.jpg,1
2RCVZ9.jfif,1
5FWN6Q.JPG,1
D3IETN.jfif,1
ED09CS.JPG,1
VBVKE1.JPG,1
RIPWRI.jpg,1
KQ0EOU.jpg,1
VGLEGG.JPG,1
72165R.JPG,1
B72F55.jfif,1
8V5TRG.JPG,1
MLOC1X.jfif,1
3IIC89.jpg,1
8C5O5M.JPG,1
G1IBLV.jpg,1
GSMGBN.jpg,1
3TZ5AZ.jfif,1
XW6EIA.jfif,1
W2JUB6.jfif,1
1JO0MM.jpg,1
JB8XOB.JPG,1
SSLCB0.JPG,1
71PGO8.JPG,1
77K0S5.jpg,1
X39Q4J.jfif,1
OPVLP6.jpg,1
B0VR65.JPG,1
W0Z4IL.JPG,1
